"SKEMA_NAVN","VISNINGSGRUPPE_NAVN"
"EFS - Udbetalingsanmodning","EFS - Energifællesskaber"
"EFS-SP - 1. SB Bortfald","EFS-SP - Energifællesskaber"
"EFS-IP - 1. SB Bortfald","EFS-IP - Energifællesskaber"
"EFS - Ansøgningsskema","EFS - Energifællesskaber"
"EFS-IP - 1. SB Ændring","EFS-IP - Energifællesskaber"
"EFS-IP - 2. SB Udbetaling","EFS-IP - Energifællesskaber"
"EFS-SP - 2. SB Ændring","EFS-SP - Energifællesskaber"
"EFS-IP - Ændringsanmodning","EFS-IP - Energifællesskaber"
"EFS-SP - 2. SB Tilsagn/Afslag","EFS-SP - Energifællesskaber"
"EFS-SP - 1. SB Udbetaling","EFS-SP - Energifællesskaber"
"EFS-IP - 2. SB Tilsagn/Afslag","EFS-IP - Energifællesskaber"
"EFS - Ændringsanmodning","EFS - Energifællesskaber"
"EFS-IP - 1. SB Udbetaling","EFS-IP - Energifællesskaber"
"EFS - 2. SB Tilsagn","EFS - Energifællesskaber"
"EFS - 1. SB Bortfald","EFS - Energifællesskaber"
"EFS-IP - 2. SB Bortfald","EFS-IP - Energifællesskaber"
"EFS-SP - 2. SB Screening","EFS-SP - Energifællesskaber"
"EFS-SP - 2. SB Udbetaling","EFS-SP - Energifællesskaber"
"EFS-SP - 1. SB Ændring","EFS-SP - Energifællesskaber"
"EFS - 2. SB Udbetaling","EFS - Energifællesskaber"
"EFS-IP - Udbetalingsanmodning","EFS-IP - Energifællesskaber"
"EFS-IP - 2. SB Ændring","EFS-IP - Energifællesskaber"
"EFS-IP - 2. SB Screening","EFS-IP - Energifællesskaber"
"EFS - 2. SB Bortfald","EFS - Energifællesskaber"
"EFS-IP - Ansøgningsskema","EFS-IP - Energifællesskaber"
"EFS-SP - Ansøgningsskema","EFS-SP - Energifællesskaber"
"EFS-SP - Udbetalingsanmodning","EFS-SP - Energifællesskaber"
"EFS - 1. SB Ansøgningstjekliste","EFS - Energifællesskaber"
"EFS-SP - Ændringsanmodning","EFS-SP - Energifællesskaber"
"EFS - 1. SB Ændring","EFS - Energifællesskaber"
"EFS - 2. SB Ændring","EFS - Energifællesskaber"
"EFS-IP - 1. SB Tilsagn/Afslag","EFS-IP - Energifællesskaber"
"EFS-SP - 1. SB Tilsagn/Afslag","EFS-SP - Energifællesskaber"
"EFS - 2. SB Ansøgningstjekliste","EFS - Energifællesskaber"
"EFS - 1. SB Udbetaling","EFS - Energifællesskaber"
"EFS - 1. SB Tilsagn","EFS - Energifællesskaber"
"EFS-SP - 2. SB Bortfald","EFS-SP - Energifællesskaber"
"EFS-SP - 1. SB Screening","EFS-SP - Energifællesskaber"
"EFS-IP - 1. SB Screening","EFS-IP - Energifællesskaber"
